{
  "experiment_name": "ticket021_regularized_ensemble",
  "timestamp": "20250930_143615",
  "cv_strategy": "bpm_stratified",
  "n_features": 75,
  "n_samples": 524164,
  "optimal_weights": {
    "weight_lightgbm": 0.6011150117432088,
    "weight_catboost": 0.3988849882567912
  },
  "cv_scores": {
    "lightgbm": {
      "scores": [
        26.499116655336994,
        26.4586084719144,
        26.433407250333804,
        26.472664167210894,
        26.429980141378692
      ],
      "mean": 26.458755337234958,
      "std": 0.02566340010898999
    },
    "catboost": {
      "scores": [
        26.500146594028614,
        26.459359976206574,
        26.43328436545516,
        26.472370055817507,
        26.430749980562783
      ],
      "mean": 26.459182194414133,
      "std": 0.025811321778677676
    }
  },
  "target_lb_score": 26.385,
  "baseline_lb_score": 26.38534
}