{
  "experiment_name": "ticket021_regularized_ensemble",
  "timestamp": "20250930_140408",
  "cv_strategy": "bpm_stratified",
  "n_features": 76,
  "n_samples": 524164,
  "optimal_weights": {
    "weight_lightgbm": 0.3745401188473625,
    "weight_catboost": 0.6254598811526375
  },
  "cv_scores": {
    "lightgbm": {
      "scores": [
        26.499022726637428,
        26.459269444126203,
        26.433904455130275,
        26.473330639242402,
        26.43080411080151
      ],
      "mean": 26.459266275187566,
      "std": 0.025423211820506105
    },
    "catboost": {
      "scores": [
        26.499696016804307,
        26.459079605983412,
        26.433138158644795,
        26.473000835181164,
        26.4308092488934
      ],
      "mean": 26.459144773101418,
      "std": 0.025751287333260812
    }
  },
  "target_lb_score": 26.385,
  "baseline_lb_score": 26.38534
}