{
  "experiment_name": "ticket021_regularized_ensemble",
  "timestamp": "20250929_002223",
  "cv_strategy": "bpm_stratified",
  "n_features": 67,
  "n_samples": 419331,
  "optimal_weights": {
    "weight_lightgbm": 0.6011150117432088,
    "weight_catboost": 0.3988849882567912
  },
  "cv_scores": {
    "lightgbm": {
      "scores": [
        26.461839284133735,
        26.457010863924047,
        26.47531323203042,
        26.461928559031364,
        26.46415182326896
      ],
      "mean": 26.4640487524777,
      "std": 0.006096030988900192
    },
    "catboost": {
      "scores": [
        26.460965124767707,
        26.45914355372486,
        26.47678274803388,
        26.460198692703074,
        26.4654998308924
      ],
      "mean": 26.464517990024387,
      "std": 0.006504645216170125
    }
  },
  "target_lb_score": 26.385,
  "baseline_lb_score": 26.38534
}